parasitic_spacing,parasitic_detune,gain_max_dbi,gain_max_theta,front_to_back_db,swr_50,impedance_real,impedance_imag,warnings
2.116,-15,0.64,-65,3.16,1.6421,40.517,-20.463,""
2.116,-12.5,0.55,-65,3.02,1.6595,39.887,-20.505,""
2.116,-10,0.42,-65,2.85,1.6814,39.051,-20.476,""
2.116,-7.5,0.28,-60,3.22,1.7079,37.925,-20.263,""
2.116,-5,0.15,-60,3.2,1.7359,36.437,-19.606,""
2.116,-2.5,0.13,-60,3.71,1.7488,34.723,-17.978,""
2.116,0,0.49,-60,5.88,1.6974,33.737,-14.794,""
2.116,2.5,1.23,-60,11.47,1.5448,35.257,-11.018,""
2.116,5,1.79,-65,17.64,1.3923,38.757,-9.3679,""
2.116,7.5,1.97,-65,13.87,1.3292,41.62,-9.9707,""
2.116,10,1.97,-65,11.02,1.3259,43.165,-11.231,""
2.116,12.5,1.92,-65,9.48,1.3415,43.874,-12.377,""
2.116,15,1.86,-65,8.56,1.3597,44.165,-13.27,""
2.646,-15,0.68,-65,3.1,1.6231,40.786,-20.073,""
2.646,-12.5,0.6,-65,2.95,1.6353,40.21,-20.009,""
2.646,-10,0.5,-65,2.79,1.6497,39.458,-19.842,""
2.646,-7.5,0.41,-60,3.26,1.6654,38.472,-19.455,""
2.646,-5,0.35,-60,3.29,1.677,37.23,-18.594,""
2.646,-2.5,0.45,-60,3.93,1.6667,35.955,-16.797,""
2.646,0,0.91,-60,6.17,1.5936,35.631,-13.693,""
2.646,2.5,1.64,-65,11.01,1.447,37.737,-10.495,""
2.646,5,2.09,-65,16.53,1.3298,41.281,-9.6331,""
2.646,7.5,2.18,-65,13.86,1.302,43.814,-10.733,""
2.646,10,2.12,-65,11.16,1.3189,45.008,-12.19,""
2.646,12.5,2.04,-65,9.62,1.3437,45.454,-13.385,""
2.646,15,1.96,-65,8.67,1.3659,45.563,-14.268,""
3.175,-15,0.75,-65,3.11,1.6035,41.081,-19.672,""
3.175,-12.5,0.69,-65,2.98,1.6105,40.574,-19.509,""
3.175,-10,0.63,-65,2.87,1.6176,39.927,-19.218,""
3.175,-7.5,0.57,-65,2.8,1.6229,39.111,-18.68,""
3.175,-5,0.58,-65,2.95,1.6196,38.155,-17.662,""
3.175,-2.5,0.78,-60,4.25,1.5902,37.35,-15.783,""
3.175,0,1.32,-65,6.09,1.5042,37.671,-12.897,""
3.175,2.5,1.99,-65,10.94,1.3729,40.232,-10.407,""
3.175,5,2.31,-65,15.68,1.2959,43.637,-10.341,""
3.175,7.5,2.32,-65,13.67,1.3007,45.723,-11.858,""
3.175,10,2.21,-65,11.07,1.332,46.518,-13.428,""
3.175,12.5,2.1,-65,9.57,1.3618,46.687,-14.608,""
3.175,15,2.01,-65,8.68,1.3853,46.614,-15.438,""
3.704,-15,0.84,-65,3.18,1.5843,41.423,-19.306,""
3.704,-12.5,0.81,-65,3.08,1.5863,41.001,-19.059,""
3.704,-10,0.78,-65,3,1.5868,40.479,-18.668,""
3.704,-7.5,0.78,-65,2.99,1.5828,39.856,-18.019,""
3.704,-5,0.86,-65,3.23,1.5672,39.204,-16.906,""
3.704,-2.5,1.14,-65,4.11,1.5241,38.868,-15.046,""
3.704,0,1.69,-65,6.44,1.4341,39.763,-12.507,""
3.704,2.5,2.25,-65,10.9,1.3266,42.605,-10.799,""
3.704,5,2.45,-65,14.98,1.2911,45.696,-11.464,""
3.704,7.5,2.39,-65,13.37,1.3205,47.258,-13.279,""
3.704,10,2.25,-65,11.05,1.3596,47.645,-14.866,""
3.704,12.5,2.12,-65,9.57,1.3907,47.551,-15.969,""
3.704,15,2.01,-65,8.62,1.4136,47.312,-16.706,""
4.233,-15,0.94,-65,3.28,1.5665,41.812,-19.006,""
4.233,-12.5,0.94,-65,3.22,1.5641,41.487,-18.697,""
4.233,-10,0.95,-65,3.18,1.5588,41.103,-18.237,""
4.233,-7.5,0.99,-65,3.23,1.5474,40.682,-17.523,""
4.233,-5,1.13,-65,3.54,1.5227,40.337,-16.386,""
4.233,-2.5,1.45,-65,4.48,1.4719,40.438,-14.643,""
4.233,0,1.97,-65,6.73,1.3863,41.796,-12.556,""
4.233,2.5,2.42,-65,10.83,1.3093,44.726,-11.646,""
4.233,5,2.53,-65,14.37,1.3103,47.357,-12.925,""
4.233,7.5,2.4,-65,12.99,1.3548,48.361,-14.899,""
4.233,10,2.23,-65,10.84,1.3963,48.361,-16.409,""
4.233,12.5,2.08,-65,9.34,1.4262,48.037,-17.381,""
4.233,15,1.96,-65,8.42,1.4471,47.663,-17.993,""
4.762,-15,1.05,-65,3.4,1.5511,42.235,-18.795,""
4.762,-12.5,1.07,-65,3.37,1.5452,42.012,-18.448,""
4.762,-10,1.11,-65,3.37,1.5355,41.77,-17.953,""
4.762,-7.5,1.19,-65,3.47,1.5186,41.552,-17.222,""
4.762,-5,1.37,-65,3.84,1.4883,41.495,-16.128,""
4.762,-2.5,1.71,-65,4.81,1.4355,41.976,-14.591,""
4.762,0,2.18,-65,6.98,1.3618,43.661,-13.027,""
4.762,2.5,2.53,-65,10.74,1.3177,46.49,-12.874,""
4.762,5,2.54,-65,13.78,1.3457,48.556,-14.614,""
4.762,7.5,2.36,-65,12.55,1.3972,49.009,-16.606,""
4.762,10,2.16,-65,10.55,1.4377,48.67,-17.959,""
4.762,12.5,2,-65,9.17,1.4648,48.163,-18.757,""
4.762,15,1.88,-65,8.27,1.4828,47.692,-19.223,""
5.291,-15,1.15,-65,3.52,1.5389,42.671,-18.681,""
5.291,-12.5,1.19,-65,3.52,1.5305,42.55,-18.322,""
5.291,-10,1.25,-65,3.55,1.5178,42.445,-17.826,""
5.291,-7.5,1.37,-65,3.71,1.4977,42.417,-17.124,""
5.291,-5,1.57,-65,4.11,1.4653,42.616,-16.135,""
5.291,-2.5,1.9,-65,5.08,1.4156,43.397,-14.871,""
5.291,0,2.31,-65,7.14,1.359,45.262,-13.862,""
5.291,2.5,2.56,-65,10.57,1.3449,47.824,-14.378,""
5.291,5,2.48,-65,13.14,1.3902,49.267,-16.408,""
5.291,7.5,2.26,-65,12.05,1.4434,49.213,-18.29,""
5.291,10,2.04,-65,10.11,1.4806,48.602,-19.421,""
5.291,12.5,1.87,-65,8.8,1.5039,47.966,-20.019,""
5.291,15,1.75,-65,7.94,1.5184,47.44,-20.329,""
5.82,-15,1.24,-65,3.65,1.5304,43.096,-18.666,""
5.82,-12.5,1.29,-65,3.66,1.5204,43.071,-18.319,""
5.82,-10,1.38,-65,3.73,1.5061,43.092,-17.853,""
5.82,-7.5,1.51,-65,3.91,1.485,43.229,-17.221,""
5.82,-5,1.72,-65,4.34,1.4537,43.637,-16.385,""
5.82,-2.5,2.03,-65,5.29,1.4111,44.628,-15.441,""
5.82,0,2.37,-65,7.23,1.3736,46.528,-14.978,""
5.82,2.5,2.52,-65,10.35,1.3836,48.692,-16.039,""
5.82,5,2.37,-65,12.41,1.4386,49.502,-18.186,""
5.82,7.5,2.11,-65,11.51,1.4901,49.014,-19.852,""
5.82,10,1.87,-65,8.77,1.5227,48.206,-20.718,""
5.82,12.5,1.7,-65,7.65,1.5414,47.5,-21.104,""
5.82,15,1.58,-65,6.92,1.5522,46.958,-21.259,""
6.349,-15,1.31,-65,3.75,1.5256,43.488,-18.745,""
6.349,-12.5,1.38,-65,3.79,1.5151,43.547,-18.43,""
6.349,-10,1.47,-65,3.87,1.5006,43.676,-18.02,""
6.349,-7.5,1.62,-65,4.08,1.4804,43.946,-17.49,""
6.349,-5,1.82,-65,4.51,1.4526,44.507,-16.841,""
6.349,-2.5,2.1,-65,5.42,1.4195,45.615,-16.235,""
6.349,0,2.37,-65,7.23,1.4005,47.418,-16.275,""
6.349,2.5,2.43,-65,10.06,1.4284,49.092,-17.734,""
6.349,5,2.21,-65,11.3,1.4876,49.303,-19.838,""
6.349,7.5,1.94,-65,8.79,1.5351,48.475,-21.206,""
6.349,10,1.71,-65,6.22,1.5619,47.551,-21.787,""
6.349,12.5,1.55,-65,5.95,1.5757,46.83,-21.966,""
6.349,15,1.42,-65,4.91,1.5826,46.31,-21.978,""
6.878,-15,1.36,-65,3.82,1.5245,43.827,-18.904,""
6.878,-12.5,1.44,-65,3.89,1.5143,43.955,-18.638,""
6.878,-10,1.54,-65,3.99,1.5008,44.167,-18.304,""
6.878,-7.5,1.68,-65,4.2,1.4829,44.535,-17.896,""
6.878,-5,1.87,-65,4.62,1.4603,45.19,-17.454,""
6.878,-2.5,2.12,-65,5.48,1.4377,46.322,-17.18,""
6.878,0,2.31,-65,7.14,1.4349,47.917,-17.649,""
6.878,2.5,2.28,-65,9.78,1.4751,49.055,-19.351,""
6.878,5,2.06,-65,9.34,1.5348,48.739,-21.274,""
6.878,7.5,1.82,-65,6.39,1.5764,47.674,-22.293,""
6.878,10,1.6,-65,4.7,1.5969,46.712,-22.59,""
6.878,12.5,1.43,-65,4.08,1.6055,46.027,-22.578,""
6.878,15,1.31,-65,3.69,1.6085,45.561,-22.465,""
7.407,-15,1.39,-65,3.88,1.5266,44.099,-19.125,""
7.407,-12.5,1.47,-65,3.95,1.5175,44.276,-18.919,""
7.407,-10,1.57,-65,4.06,1.5058,44.546,-18.673,""
7.407,-7.5,1.7,-65,4.26,1.4912,44.972,-18.4,""
7.407,-5,1.88,-65,4.67,1.4746,45.662,-18.165,""
7.407,-2.5,2.07,-65,5.47,1.4625,46.736,-18.197,""
7.407,0,2.2,-65,6.97,1.4731,48.041,-19.002,""
7.407,2.5,2.12,-65,9.28,1.5211,48.64,-20.792,""
7.407,5,1.95,-65,7.52,1.5783,47.893,-22.426,""
7.407,7.5,1.73,-65,4.66,1.6126,46.699,-23.077,""
7.407,10,1.52,-65,3.25,1.6263,45.77,-23.109,""
7.407,12.5,1.35,-65,2.8,1.6296,45.162,-22.933,""
7.407,15,1.22,-65,2.51,1.6289,44.773,-22.72,""
